judul_film,tahun_film,durasi_film,batas_usia,sinopsis_film,rating_film,jumlah_perating
1. Harry Potter and the Sorcerer's Stone,2001,2h 32m,PG,"An orphaned boy enrolls in a school of wizardry, where he learns the truth about himself, his family and the terrible evil that haunts the magical world.",7.6,(870K)
2. Once Upon a Time... in Hollywood,2019,2h 41m,R,"As Hollywood's Golden Age is winding down during the summer of 1969, television actor Rick Dalton and his stunt double Cliff Booth endeavor to achieve lasting success in Hollywood while meeting several colorful characters along the way.",7.6,(870K)
3. 3:10 to Yuma,2007,2h 2m,R,A small-time rancher agrees to hold a captured outlaw who's awaiting a train to go to court in Yuma. A battle of wills ensues as the outlaw tries to psych out the rancher.,7.6,(335K)
4. Deadpool 2,2018,1h 59m,R,"Foul-mouthed mutant mercenary Wade Wilson (a.k.a. Deadpool) assembles a team of fellow mutant rogues to protect a young boy with abilities from the brutal, time-traveling cyborg Cable.",7.6,(682K)
5. 300,2006,1h 57m,R,"In the ancient battle of Thermopylae, King Leonidas and 300 Spartans fight against Xerxes and his massive Persian army.",7.6,(874K)
6. The Fifth Element,1997,2h 6m,PG-13,"In the colorful future, a cab driver unwittingly becomes the central figure in the search for a legendary cosmic weapon to keep Evil and Mr. Zorg at bay.",7.6,(514K)
7. Watchmen,2009,2h 42m,R,"In a version of 1985 where superheroes exist, the murder of a colleague sends active vigilante Rorschach on the trail of a conspiracy that will change the course of history.",7.6,(589K)
8. The Whale,2022,1h 57m,R,"A reclusive, morbidly obese English teacher attempts to reconnect with his estranged teenage daughter.",7.6,(222K)
9. Saw,2004,1h 43m,R,"Two men awaken to find themselves on the opposite sides of a dead body, each with specific instructions to kill the other or face consequences. These two are the latest victims of the Jigsaw Killer.",7.6,(475K)
10. Aftersun,2022,1h 42m,R,Sophie reflects on the shared joy and private melancholy of a holiday she took with her father twenty years earlier. Memories real and imagined fill the gaps between as she tries to reconcile the father she knew with the man she didn't...,7.6,(101K)
11. My Cousin Vinny,1992,2h,R,"Two New Yorkers accused of murder in rural Alabama while on their way back to college call in the help of one of their cousins, a loudmouth lawyer with no trial experience.",7.6,(144K)
12. Star Wars: Episode III - Revenge of the Sith,2005,2h 20m,PG-13,"Three years into the Clone Wars, Obi-Wan Kenobi pursues a new threat, while Anakin Skywalker is lured by Chancellor Palpatine into a sinister plot to rule the galaxy.",7.6,(859K)
13. The Others,2001,1h 44m,PG-13,"In 1945, immediately following the end of Second World War, a woman who lives with her two photosensitive children on her darkened old family estate in the Channel Islands becomes convinced that the home is haunted.",7.6,(399K)
14. Office Space,1999,1h 29m,R,Three company workers who hate their jobs decide to rebel against their greedy boss.,7.6,(292K)
15. RoboCop,1987,1h 42m,R,"In a dystopic and crime-ridden Detroit, a terminally wounded cop returns to the force as a powerful cyborg haunted by submerged memories.",7.6,(289K)
16. Dark Waters,2019,2h 6m,PG-13,A corporate defense attorney takes on an environmental lawsuit against a chemical company that exposes a lengthy history of pollution.,7.6,(109K)
17. Stardust,2007,2h 7m,PG-13,"In a countryside town bordering on a magical land, a young man makes a promise to his beloved that he'll retrieve a fallen star by venturing into the magical realm.",7.6,(288K)
18. The Last of the Mohicans,1992,1h 52m,R,Three trappers protect the daughters of a British Colonel in the midst of the French and Indian War.,7.6,(191K)
19. Hell or High Water,2016,1h 42m,R,"Toby is a divorced father who's trying to make a better life. His brother is an ex-con with a short temper and a loose trigger finger. Together, they plan a series of heists against the bank that's about to foreclose on their family ranch.",7.6,(257K)
20. Moneyball,2011,2h 13m,PG-13,Oakland A's general manager Billy Beane's successful attempt to assemble a baseball team on a lean budget by employing computer-generated analysis to acquire new players.,7.6,(473K)
21. Minority Report,2002,2h 25m,PG-13,"John works with the PreCrime police which stop crimes before they take place, with the help of three 'PreCogs' who can foresee crimes. Events ensue when John finds himself framed for a future murder.",7.6,(591K)
22. The Butterfly Effect,2004,1h 53m,R,"Evan Treborn suffers blackouts during significant events of his life. As he grows up, he finds a way to remember these lost memories and a supernatural way to alter his life by reading his journal.",7.6,(528K)
23. The Blind Side,2009,2h 9m,PG-13,"The story of Michael Oher, a homeless and traumatized boy who became an All-American football player and first-round NFL draft pick with the help of a caring woman and her family.",7.6,(365K)
24. I Am Sam,2001,2h 12m,PG-13,An intellectually disabled man fights for custody of his 7-year-old daughter and in the process teaches his cold-hearted lawyer the value of love and family.,7.6,(156K)
25. The Machinist,2004,1h 41m,R,An industrial worker who hasn't slept in a year begins to doubt his own sanity.,7.6,(420K)
26. Kung Fu Panda,2008,1h 32m,PG,"To everyone's surprise, including his own, Po, an overweight, clumsy panda, is chosen as protector of the Valley of Peace. His suitability will soon be tested as the valley's arch-enemy is on his way.",7.6,(533K)
27. True Grit,2010,1h 50m,PG-13,A stubborn teenager enlists the help of a tough U.S. Marshal to track down her father's murderer.,7.6,(361K)
28. Gone Baby Gone,2007,1h 54m,R,"Two Boston area detectives investigate a little girl's kidnapping, which ultimately turns into a crisis both professionally and personally.",7.6,(297K)
29. What We Do in the Shadows,2014,1h 26m,R,"Viago, Deacon, and Vladislav are vampires who are struggling with the mundane aspects of modern life, like paying rent, keeping up with the chore wheel, trying to get into nightclubs, and overcoming flatmate conflicts.",7.6,(203K)
30. End of Watch,2012,1h 49m,R,"Shot documentary-style, this film follows the daily grind of two young police officers in LA who are partners and friends and what happens when they meet criminal forces greater than themselves.",7.6,(273K)
31. Midnight in Paris,2011,1h 34m,PG-13,"While on a trip to Paris with his fiancée's family, a nostalgic screenwriter finds himself mysteriously going back to the 1920s every day at midnight.",7.6,(454K)
32. The Birds,1963,1h 59m,PG-13,A wealthy San Francisco socialite pursues a potential boyfriend to a small Northern California town that slowly takes a turn for the bizarre when birds of all kinds suddenly begin to attack people.,7.6,(208K)
33. The Boondock Saints,1999,1h 48m,R,Two Irish Catholic brothers become vigilantes and wipe out Boston's criminal underworld in the name of God.,7.6,(253K)
34. The Thin Red Line,1998,2h 50m,R,"Adaptation of James Jones' autobiographical 1962 novel, focusing on the conflict at Guadalcanal during the second World War.",7.6,(202K)
35. After Hours,1985,1h 37m,R,"Ordinary word processor Paul Hackett experiences the worst night of his life after he agrees to visit Marcy, a Soho resident that he met that evening at a coffee shop.",7.6,(84K)
36. The Raid: Redemption,2011,1h 41m,R,A S.W.A.T. team becomes trapped in a tenement run by a ruthless mobster and his army of killers and thugs.,7.6,(219K)
37. The Mitchells vs. the Machines,2021,1h 54m,PG,"A quirky, dysfunctional family's road trip is upended when they find themselves in the middle of the robot apocalypse and suddenly become humanity's unlikeliest last hope.",7.6,(130K)
38. Ponyo,2008,1h 41m,G,"A five-year-old boy develops a relationship with Ponyo, a young goldfish princess who longs to become a human after falling in love with him.",7.6,(168K)
39. The Last King of Scotland,2006,2h 3m,R,Based on the events of the brutal Ugandan dictator Idi Amin's regime as seen by his personal physician during the 1970s.,7.6,(198K)
40. Belle de Jour,1967,1h 40m,Approved,A frigid young housewife decides to spend her midweek afternoons as a prostitute.,7.6,(50K)
41. Rushmore,1998,1h 33m,R,"A teenager at Rushmore Academy falls for a much older teacher and befriends a middle-aged industrialist. Later, he finds out that his love interest and his friend are having an affair, which prompts him to begin a vendetta.",7.6,(200K)
42. 21 Grams,2003,2h 4m,R,"A freak accident brings together a critically ill mathematician, a grieving mother, and a born-again ex-con.",7.6,(247K)
43. Run Lola Run,1998,1h 20m,R,"After a botched money delivery, Lola has 20 minutes to come up with 100,000 Deutschmarks.",7.6,(210K)
44. The Bridges of Madison County,1995,2h 15m,PG-13,Photographer Robert Kincaid wanders into the life of housewife Francesca Johnson for four days in the 1960s.,7.6,(90K)
45. Rebel Without a Cause,1955,1h 51m,PG-13,"A rebellious young man with a troubled past comes to a new town, finding friends and enemies.",7.6,(99K)
46. 50/50,2011,1h 40m,R,"Inspired by a true story, a comedy centered on a 27-year-old guy who learns of his cancer diagnosis and his subsequent struggle to beat the disease.",7.6,(345K)
47. Barton Fink,1991,1h 56m,R,A renowned New York playwright is enticed to California to write for the movies and discovers the hellish truth of Hollywood.,7.6,(130K)
48. Short Cuts,1993,3h 8m,R,The day-to-day lives of several suburban Los Angeles residents.,7.6,(48K)
49. The Little Prince,2015,1h 48m,PG,"A little girl lives in a very grown-up world with her mother, who tries to prepare her for it. Her neighbor, the Aviator, introduces the girl to an extraordinary world where anything is possible, the world of the Little Prince.",7.6,(67K)
50. Control,2007,2h 2m,R,"A profile of Ian Curtis, the enigmatic singer of Joy Division whose personal, professional, and romantic troubles led him to die by suicide at the age of 23.",7.6,(69K)
51. Philomena,2013,1h 38m,PG-13,"A world-weary political journalist picks up the story of a woman's search for her son, who was taken away from her decades ago after she became pregnant and was forced to live in a convent.",7.6,(104K)
52. Inside Out 2,2024,1h 36m,PG,"A sequel that features Riley entering puberty and experiencing brand new, more complex emotions as a result. As Riley tries to adapt to her teenage years, her old emotions try to adapt to the possibility of being replaced.",7.7,(129K)
53. The Goonies,1985,1h 54m,PG,A group of young misfits called The Goonies discover an ancient map and set out on an adventure to find a legendary pirate's long-lost treasure.,7.7,(303K)
54. Mission: Impossible - Dead Reckoning Part One,2023,2h 43m,PG-13,Ethan Hunt and his IMF team must track down a dangerous weapon before it falls into the wrong hands.,7.7,(264K)
55. Kingsman: The Secret Service,2014,2h 9m,R,"A spy organisation recruits a promising street kid into the agency's training program, while a global threat emerges from a twisted tech genius.",7.7,(731K)
56. Deliverance,1972,1h 49m,R,"Intent on seeing the Cahulawassee River before it's dammed and turned into a lake, outdoor fanatic Lewis Medlock takes his friends on a canoeing trip they'll never forget into the dangerous American back-country.",7.7,(121K)
57. Anatomy of a Fall,2023,2h 31m,R,A woman is suspected of murder after her husband's death; their half-blind son faces a moral dilemma as the main witness.,7.7,(149K)
58. Ocean's Eleven,2001,1h 56m,PG-13,"Danny Ocean, a gangster, rounds up a gang of associates to stage a sophisticated and elaborate casino heist which involves robbing three Las Vegas casinos simultaneously during a popular boxing event.",7.7,(629K)
59. Harry Potter and the Goblet of Fire,2005,2h 37m,PG-13,"Harry Potter finds himself competing in a hazardous tournament between rival schools of magic, but he is distracted by recurring nightmares.",7.7,(693K)
60. John Wick: Chapter 4,2023,2h 49m,R,"John Wick uncovers a path to defeating The High Table. But before he can earn his freedom, Wick must face off against a new enemy with powerful alliances across the globe and forces that turn old friends into foes.",7.7,(350K)
61. Zodiac,2007,2h 37m,R,"Between 1968 and 1983, a San Francisco cartoonist becomes an amateur detective obsessed with tracking down the Zodiac Killer, an unidentified individual who terrorizes Northern California with a killing spree.",7.7,(611K)
62. Sicario,2015,2h 1m,R,An idealistic FBI agent is enlisted by a government task force to aid in the escalating war against drugs at the border area between the U.S. and Mexico.,7.7,(487K)
63. Halloween,1978,1h 31m,R,"Fifteen years after murdering his sister on Halloween night 1963, Michael Myers escapes from a mental hospital and returns to the small town of Haddonfield, Illinois to kill again.",7.7,(312K)
64. Apollo 13,1995,2h 20m,PG,NASA must devise a strategy to return Apollo 13 to Earth safely after the spacecraft undergoes massive internal damage putting the lives of the three astronauts on board in jeopardy.,7.7,(320K)
65. All of Us Strangers,2023,1h 45m,R,A screenwriter drawn back to his childhood home enters into a fledgling relationship with his downstairs neighbor while discovering a mysterious new way to heal from losing his parents 30 years ago.,7.7,(58K)
66. 500 Days of Summer,2009,1h 35m,PG-13,"After being dumped by the girl he believes to be his soulmate, hopeless romantic Tom Hansen reflects on their relationship to try and figure out where things went wrong and how he can win her back.",7.7,(570K)
67. Godzilla Minus One,2023,2h 4m,PG-13,A kamikaze pilot plagued by survivor's guilt seeks redemption when a giant monster he failed to kill is transformed by radiation from atomic bomb tests and lays siege to post-WWII Japan.,7.7,(149K)
68. Wind River,2017,1h 47m,R,"A wildlife officer, who is haunted by a tragedy that happened because of him, teams up with an FBI agent in solving a murder of a young woman on a Wyoming Native American reservation and hopes to get redemption from his past regrets.",7.7,(285K)
69. The Hangover,2009,1h 40m,R,"Three buddies wake up from a bachelor party in Las Vegas, with no memory of the previous night and the bachelor missing. They make their way around the city in order to find their friend before his wedding.",7.7,(861K)
70. Blue Is the Warmest Colour,2013,3h,NC-17,"Adèle's life is changed when she meets Emma, a young woman with blue hair, who will allow her to discover desire and to assert herself as a woman and as an adult. In front of others, Adèle grows, seeks herself, loses herself, and ultimately finds herself through love and loss.",7.7,(165K)
71. X-Men: First Class,2011,2h 11m,PG-13,"In the 1960s, superpowered humans Charles Xavier and Erik Lensherr work together to find others like them, but Erik's vengeful pursuit of an ambitious mutant who ruined his life causes a schism to divide them.",7.7,(735K)
72. Home Alone,1990,1h 43m,PG,"An eight-year-old troublemaker, mistakenly left home alone, must defend his home against a pair of burglars on Christmas Eve.",7.7,(662K)
73. Ex Machina,2014,1h 48m,R,A young programmer is selected to participate in a ground-breaking experiment in synthetic intelligence by evaluating the human qualities of a highly advanced humanoid A.I.,7.7,(602K)
74. Lost in Translation,2003,1h 42m,R,A fading movie star falls for a lonely young woman in Tokyo.,7.7,(499K)
75. The Banshees of Inisherin,2022,1h 54m,R,"Two lifelong friends find themselves at an impasse when one abruptly ends their relationship, with alarming consequences for both of them.",7.7,(262K)
76. The Game,1997,2h 9m,R,"After a wealthy San Francisco banker is given an opportunity to participate in a mysterious game, his life is turned upside down as he begins to question if it might really be a concealed conspiracy to destroy him.",7.7,(438K)
77. Harry Potter and the Deathly Hallows: Part 1,2010,2h 26m,PG-13,"As Harry, Ron and Hermione race against time and evil to destroy the Horcruxes, they uncover the existence of the three most powerful objects in the wizarding world: the Deathly Hallows.",7.7,(610K)
78. Brokeback Mountain,2005,2h 14m,R,Ennis and Jack are two shepherds who develop a sexual and emotional relationship. Their relationship becomes complicated when both of them get married to their respective girlfriends.,7.7,(390K)
79. A Few Good Men,1992,2h 18m,R,A military lawyer is tasked with defending two US Marines charged with murdering a fellow Marine and intends to prove they were only following their base commander's orders.,7.7,(293K)
80. Taken,2008,1h 30m,PG-13,"A retired CIA agent travels across Europe and relies on his old skills to save his estranged daughter, who has been kidnapped while on a trip to Paris.",7.7,(642K)
81. The Count of Monte Cristo,2002,2h 11m,PG-13,"A young man, falsely imprisoned by his jealous ""friend"", escapes and uses a hidden treasure to exact his revenge.",7.7,(151K)
82. Black Hawk Down,2001,2h 24m,R,"The story of 160 elite U.S. soldiers who dropped into Mogadishu in October 1993 to capture two top lieutenants of a renegade warlord, but found themselves in a desperate battle with a large force of heavily armed Somalis.",7.7,(429K)
83. Birdman or (The Unexpected Virtue of Ignorance),2014,1h 59m,R,"A washed-up superhero actor attempts to revive his fading career by writing, directing, and starring in a Broadway production.",7.7,(672K)
84. The Magnificent Seven,1960,2h 8m,Approved,Seven gunfighters are hired by Mexican peasants to liberate their village from oppressive bandits.,7.7,(104K)
85. Airplane!,1980,1h 28m,PG,"After the crew becomes sick with food poisoning, a neurotic ex-fighter pilot must safely land a commercial airplane full of passengers.",7.7,(266K)
86. Tangled,2010,1h 40m,PG,"The magically long-haired Rapunzel has spent her entire life in a tower, but now that a runaway thief has stumbled upon her, she is about to discover the world for the first time, and who she really is.",7.7,(504K)
87. When Harry Met Sally...,1989,1h 35m,R,"Harry and Sally have known each other for years, and are very good friends, but they fear sex would ruin the friendship.",7.7,(247K)
88. Mission: Impossible - Fallout,2018,2h 27m,PG-13,"A group of terrorists plans to detonate three plutonium cores for a simultaneous nuclear attack on different cities. Ethan Hunt, along with his IMF team, sets out to stop the carnage.",7.7,(384K)
89. Man on Fire,2004,2h 26m,R,"In Mexico City, a former CIA operative swears vengeance on those who committed an unspeakable act against the family he was hired to protect.",7.7,(395K)
90. Blue Velvet,1986,2h,R,"The discovery of a severed human ear found in a field leads a young man on an investigation related to a beautiful, mysterious nightclub singer and a group of psychopathic criminals who have kidnapped her child.",7.7,(219K)
91. The Vanishing,1988,1h 47m,Not Rated,"Rex and Saskia, a young couple in love, are on vacation. They stop at a busy service station and Saskia is abducted. After three years and no sign of Saskia, Rex begins receiving letters from the abductor.",7.7,(47K)
92. First Blood,1982,1h 33m,R,A veteran Green Beret is forced by a cruel Sheriff and his deputies to flee into the mountains and wage an escalating one-man war against his pursuers.,7.7,(280K)
93. Blazing Saddles,1974,1h 33m,R,"In order to ruin a western town and steal their land, a corrupt politician appoints a black sheriff, who promptly becomes his most formidable adversary.",7.7,(155K)
94. The Boy in the Striped Pajamas,2008,1h 34m,PG-13,"Through the innocent eyes of Bruno, the eight-year-old son of the commandant at a German concentration camp, a forbidden friendship with a Jewish boy on the other side of the camp fence has startling and unexpected consequences.",7.7,(251K)
95. Primal Fear,1996,2h 9m,R,"The murder of a high and mighty archbishop leads to the involvement of Martin Vail, Chicago's best attorney. As he studies the suspects, he becomes convinced of certain aspects, but there's more to the story than meets the eye.",7.7,(251K)
96. The Worst Person in the World,2021,2h 8m,R,"The chronicles of four years in the life of Julie, a young woman who navigates the troubled waters of her love life and struggles to find her career path, leading her to take a realistic look at who she really is.",7.7,(103K)
97. Captain America: The Winter Soldier,2014,2h 16m,PG-13,"As Steve Rogers struggles to embrace his role in the modern world, he teams up with a fellow Avenger and S.H.I.E.L.D agent, Black Widow, to battle a new threat from history: an assassin known as the Winter Soldier.",7.7,(911K)
98. Y tu mamá también,2001,1h 46m,N/A,"In Mexico, two teenage boys and an older woman embark on a road trip and learn a thing or two about life and each other.",7.7,(130K)
99. Gattaca,1997,1h 46m,PG-13,"Vincent, an ""In-Valid"", assumes the identity of a member of the genetic elite to pursue his goal of traveling into space with the Gattaca Aerospace Corporation. However, a week before his mission, a murder marks Vincent as a suspect.",7.7,(328K)
100. Sense and Sensibility,1995,2h 16m,PG,"Rich Mr. Dashwood dies, leaving his second wife and her three daughters poor by the rules of inheritance. The two eldest daughters are the title opposites.",7.7,(128K)
"101. O Brother, Where Art Thou?",2000,1h 47m,PG-13,"In the deep south during the 1930s, three escaped convicts search for hidden treasure while a relentless lawman pursues them.",7.7,(335K)
102. The Conversation,1974,1h 53m,PG,"A paranoid, secretive surveillance expert has a crisis of conscience when he suspects that the couple he is spying on will be murdered.",7.7,(124K)
103. Donnie Brasco,1997,2h 7m,R,An FBI undercover agent infiltrates the mob and finds himself identifying more with the Mafia life--at the expense of his regular one.,7.7,(337K)
104. Who Framed Roger Rabbit,1988,1h 44m,PG,"When a cartoon rabbit is accused of murder, he enlists the help of a burnt out private investigator to prove his innocence.",7.7,(220K)
105. Argo,2012,2h,R,"Acting under the cover of a Hollywood producer scouting a location for a science fiction film, a CIA agent launches a dangerous operation to rescue six Americans in Tehran during the U.S. hostage crisis in Iran in 1979.",7.7,(644K)
106. The Lego Movie,2014,1h 40m,PG,"An ordinary LEGO construction worker, thought to be the prophesied as ""special"", is recruited to join a quest to stop an evil tyrant from gluing the LEGO universe into eternal stasis.",7.7,(394K)
107. Crash,2004,1h 52m,R,"Los Angeles citizens with vastly separate lives collide in interweaving stories of race, loss and redemption.",7.7,(451K)
108. Silver Linings Playbook,2012,2h 2m,R,"After a stint in a mental institution, former teacher Pat Solitano moves back in with his parents and tries to reconcile with his ex-wife. Things get more challenging when Pat meets Tiffany, a mysterious girl with problems of her own.",7.7,(749K)
109. Gravity,2013,1h 31m,PG-13,"Dr Ryan Stone, an engineer on her first time on a space mission, and Matt Kowalski, an astronaut on his final expedition, have to survive in space after they are hit by debris while spacewalking.",7.7,(870K)
110. Fried Green Tomatoes,1991,2h 10m,PG-13,"Evelyn, an ordinary housewife, visits a nursing home and befriends the old lady Ninny. Together, they bond over stories from the past about two intrepid women of Whistle Stop Cafe.",7.7,(85K)
111. Mulan,1998,1h 27m,G,"To save her father from death in the army, a young maiden secretly goes in his place and becomes one of China's greatest heroines in the process.",7.7,(322K)
112. Toy Story 4,2019,1h 40m,G,"When a new toy called ""Forky"" joins Woody and the gang, a road trip alongside old and new friends reveals how big the world can be for a toy.",7.7,(287K)
113. Star Trek Into Darkness,2013,2h 12m,PG-13,"After the crew of the Enterprise find an unstoppable force of terror from within their own organization, Captain Kirk leads a manhunt to a war-zone world to capture a one-man weapon of mass destruction.",7.7,(500K)
114. Naked,1993,2h 11m,Not Rated,An unemployed Mancunian vents his rage on unsuspecting strangers as he embarks on a nocturnal London odyssey.,7.7,(45K)
115. Road to Perdition,2002,1h 57m,R,"A mob enforcer's son in 1930s Illinois witnesses a murder, forcing him and his father to take to the road, and his father down a path of redemption and revenge.",7.7,(288K)
116. As Good as It Gets,1997,2h 19m,PG-13,"A single mother and waitress, a misanthropic author, and a gay artist form an unlikely friendship after the artist is assaulted in a robbery.",7.7,(323K)
117. Another Round,2020,1h 57m,Not Rated,Four high-school teachers consume alcohol on a daily basis to see how it affects their social and professional lives.,7.7,(201K)
118. The Fault in Our Stars,2014,2h 6m,PG-13,"Hazel and Gus are teenagers who meet at a cancer support group and fall in love. They both share the same acerbic wit and a love of books, especially ""An Imperial Affliction"", so they embark on a journey to visit an author in Amsterdam.",7.7,(407K)
119. What's Eating Gilbert Grape,1993,1h 58m,PG-13,A young man in a small Midwestern town struggles to care for his mentally-disabled younger brother and morbidly obese mother while attempting to pursue his own happiness.,7.7,(257K)
120. Flipped,2010,1h 30m,PG,"When Juli meets Bryce in the second grade, she knows it's true love. After spending six years trying to convince Bryce the same, she's ready to give up - until he starts to reconsider.",7.7,(99K)
121. Wreck-It Ralph,2012,1h 41m,PG,Ralph is tired of playing the role of a bad guy and embarks on a journey to become a video game hero. But he accidentally lets loose a deadly enemy that threatens the entire arcade.,7.7,(466K)
122. Glengarry Glen Ross,1992,1h 40m,R,An examination of the machinations behind the scenes at a real estate office.,7.7,(118K)
123. Detachment,2011,1h 38m,Not Rated,A substitute teacher who drifts from classroom to classroom finds a connection to the students and teachers during his latest assignment.,7.7,(101K)
124. The Name of the Rose,1986,2h 10m,R,An intellectually nonconformist friar investigates a series of mysterious deaths in an isolated abbey.,7.7,(119K)
125. Days of Heaven,1978,1h 34m,PG,A hot-tempered farm laborer convinces the woman he loves to marry their rich but dying boss so that they can have a claim to his fortune.,7.7,(64K)
126. Philadelphia,1993,2h 5m,PG-13,"When a man with HIV is fired by his law firm because of his condition, he hires a homophobic small-time lawyer as the only willing advocate for a wrongful dismissal suit.",7.7,(261K)
127. This Is England,2006,1h 41m,Not Rated,"A young boy becomes friends with a gang of skinheads. Friends soon become like family, and relationships will be pushed to the very limit.",7.7,(130K)
128. The French Connection,1971,1h 44m,R,"A pair of NYPD detectives in the Narcotics Bureau stumble onto a heroin smuggling ring based in Marseilles, but stopping them and capturing their leaders proves an elusive goal.",7.7,(138K)
129. Mr. Nobody,2009,2h 21m,R,"A boy stands on a station platform as a train is about to leave. Should he go with his mother or stay with his father? Infinite possibilities arise from this decision. As long as he doesn't choose, anything is possible.",7.7,(248K)
130. Being John Malkovich,1999,1h 53m,R,A puppeteer discovers a portal that leads literally into the head of movie star John Malkovich.,7.7,(356K)
131. Lucky Number Slevin,2006,1h 50m,R,"A case of mistaken identity lands Slevin into the middle of a war being plotted by two of the city's most rival crime bosses. Under constant surveillance by Detective Brikowski and assassin Goodkat, he must get them before they get him.",7.7,(328K)
132. Empire of the Sun,1987,2h 33m,PG,A young English boy struggles to survive under Japanese occupation of China during World War II.,7.7,(136K)
133. The Bourne Supremacy,2004,1h 48m,PG-13,"When Jason Bourne is framed for a CIA operation gone awry, he is forced to resume his former life as a trained assassin to survive.",7.7,(492K)
134. Billy Elliot,2000,1h 50m,R,A talented young boy becomes torn between his unexpected love of dance and the disintegration of his family.,7.7,(145K)
135. Sound of Metal,2019,2h,R,"During a series of adrenaline-fueled gigs, itinerant punk-metal drummer Ruben begins to experience hearing loss. When a specialist tells him his condition will rapidly worsen, he thinks his music career - and with it his life - is over.",7.7,(154K)
136. Kung Fu Hustle,2004,1h 39m,R,"In Shanghai, China in the 1940s, a wannabe gangster aspires to join the notorious ""Axe Gang"" while residents of a housing complex exhibit extraordinary powers in defending their turf.",7.7,(153K)
137. Black Book,2006,2h 25m,R,"In the Nazi-occupied Netherlands during World War II, a Jewish singer infiltrates the regional Gestapo headquarters for the Dutch resistance.",7.7,(81K)
138. Adaptation.,2002,1h 55m,R,A lovelorn screenwriter becomes desperate as he tries and fails to adapt 'The Orchid Thief' by Susan Orlean for the screen.,7.7,(205K)
139. The Theory of Everything,2014,2h 3m,PG-13,Stephen Hawking gets unprecedented success in the field of physics despite being diagnosed with motor neuron disease at the age of 21. He defeats awful odds as his first wife Jane aids him loyally.,7.7,(487K)
140. The Last Emperor,1987,2h 43m,PG-13,Bernardo Bertolucci's Oscar-winning dramatization of China's eleventh and final monarch of the Qing dynasty: Emperor Puyi.,7.7,(113K)
141. Evil Dead II,1987,1h 24m,R,"Ash Williams, the lone survivor of an earlier onslaught of flesh-possessing spirits, holes up in a cabin with a group of strangers while the demons continue their attack.",7.7,(185K)
142. Dirty Harry,1971,1h 42m,R,"When a man calling himself ""the Scorpio Killer"" menaces San Francisco, tough-as-nails Police Inspector ""Dirty"" Harry Callahan is assigned to track down the crazed psychopath.",7.7,(171K)
143. The Trial of the Chicago 7,2020,2h 9m,R,"The story of 7 people on trial stemming from various charges surrounding the uprising at the 1968 Democratic National Convention in Chicago, Illinois.",7.7,(196K)
144. The Holy Mountain,1973,1h 54m,R,"In a corrupt, greed-fueled world, a powerful alchemist leads a messianic character and seven materialistic figures to the Holy Mountain, where they hope to achieve enlightenment.",7.7,(49K)
145. Changeling,2008,2h 21m,R,"After Christine's son goes missing, she reaches out to the LAPD to find him, but when they try to pass off an impostor as her son to quiet public protests, she refuses to accept him or give up hope.",7.7,(267K)
146. The Killer,1989,1h 51m,R,A disillusioned assassin accepts one last hit in hopes of using his earnings to restore the vision of a singer he accidentally blinded.,7.7,(52K)
147. Serpico,1973,2h 10m,R,An honest New York cop named Frank Serpico blows the whistle on rampant corruption in the force only to have his comrades turn against him.,7.7,(137K)
148. Goldfinger,1964,1h 50m,Approved,"While investigating a gold magnate's smuggling, James Bond uncovers a plot to contaminate the Fort Knox gold reserve.",7.7,(205K)
149. Star Trek II: The Wrath of Khan,1982,1h 53m,PG,"With the assistance of the Enterprise crew, Admiral Kirk must stop an old nemesis, Khan Noonien Singh, from using the life-generating Genesis Device as the ultimate weapon.",7.7,(131K)
150. Clerks,1994,1h 32m,R,"A day in the lives of two convenience clerks named Dante and Randal as they annoy customers, discuss movies, and play hockey on the store roof.",7.7,(234K)
151. Bonnie and Clyde,1967,1h 51m,R,"Bored waitress Bonnie Parker falls in love with an ex-con named Clyde Barrow and together they start a violent crime spree through the country, stealing cars and robbing banks.",7.7,(122K)
152. Paprika,2006,1h 30m,R,"When a machine that allows therapists to enter their patients' dreams is stolen, all hell breaks loose. Only a young female therapist, Paprika, can stop it.",7.7,(100K)
153. Happiness,1998,2h 14m,NC-17,"The lives of several individuals intertwine as they go about their lives in their own unique ways, engaging in acts which society as a whole might find disturbing in a desperate search for human connection.",7.7,(75K)
154. The Color Purple,1985,2h 34m,PG-13,"A tale spanning forty years in the life of Celie, an African-American woman living in the South who survives incredible abuse and bigotry.",7.7,(99K)
155. Ray,2004,2h 32m,PG-13,"The story of the life and career of the legendary rhythm and blues musician Ray Charles, from his humble beginnings in the South, where he went blind at age seven, to his meteoric rise to stardom during the 1950s and 1960s.",7.7,(159K)
156. A Man Called Ove,2015,1h 56m,PG-13,"Ove, an ill-tempered, isolated retiree who spends his days enforcing block association rules and visiting his wife's grave, has finally given up on life just as an unlikely friendship develops with his boisterous new neighbors.",7.7,(70K)
157. Roma,2018,2h 15m,R,A year in the life of a middle-class family's maid in Mexico City in the early 1970s.,7.7,(171K)
158. Badlands,1973,1h 34m,PG,"An impressionable teenage girl from a dead-end town, and her older greaser boyfriend, embark on a killing spree in the South Dakota Badlands.",7.7,(79K)
159. Miller's Crossing,1990,1h 55m,R,"Tom Reagan, an advisor to a Prohibition-era crime boss, tries to keep the peace between warring mobs but gets caught in divided loyalties.",7.7,(143K)
160. The Man from Nowhere,2010,1h 59m,R,A quiet pawnshop keeper with a violent past takes on a drug-and-organ trafficking ring in hope of saving the child who is his only friend.,7.7,(76K)
161. Kubo and the Two Strings,2016,1h 41m,PG,A young boy named Kubo must locate a magical suit of armour worn by his late father in order to defeat a vengeful spirit from the past.,7.7,(140K)
162. The Great Beauty,2013,2h 21m,Not Rated,"Jep Gambardella has seduced his way through the lavish nightlife of Rome for decades, but after his 65th birthday and a shock from the past, Jep looks past the nightclubs and parties to find a timeless landscape of absurd, exquisite beauty.",7.7,(98K)
163. Cape Fear,1962,1h 46m,Approved,A lawyer's family is stalked by a man he once helped put in jail.,7.7,(32K)
164. The Day the Earth Stood Still,1951,1h 32m,G,"An alien lands in Washington, D.C. and tells the people of Earth that they must live peacefully or be destroyed as a danger to other planets.",7.7,(87K)
165. Ordinary People,1980,2h 4m,R,"The accidental death of the older son of an affluent family deeply strains the relationships among the bitter mother, the good-natured father and the guilt-ridden younger son.",7.7,(58K)
166. The Dirty Dozen,1967,2h 30m,Approved,"During World War II, a rebellious U.S. Army Major is assigned a dozen convicted murderers to train and lead them into a mass assassination mission of German officers.",7.7,(80K)
167. My Dinner with Andre,1981,1h 50m,PG,"Two old friends meet for dinner; as one tells anecdotes detailing his experiences, the other notices their differing worldviews.",7.7,(27K)
168. Malcolm X,1992,3h 22m,PG-13,"Biographical epic of the controversial and influential Black Nationalist leader, from his early life and career as a small-time gangster, to his ministry as a member of the Nation of Islam and his eventual assassination.",7.7,(103K)
169. My Fair Lady,1964,2h 50m,G,"In 1910s London, snobbish phonetics professor Henry Higgins agrees to a wager that he can make a crude flower girl, Eliza Doolittle, presentable in high society.",7.7,(103K)
170. Me and Earl and the Dying Girl,2015,1h 45m,PG-13,"High schooler Greg, who spends most of his time making parodies of classic movies with his co-worker Earl, finds his outlook forever altered after befriending a classmate who has just been diagnosed with cancer.",7.7,(140K)
171. Sorcerer,1977,2h 1m,PG,Four unfortunate men from different parts of the globe agree to risk their lives transporting gallons of nitroglycerin across dangerous Latin American jungle.,7.7,(29K)
172. Finding Neverland,2004,1h 46m,PG,The story of Sir J.M. Barrie's friendship with a family who inspired him to create Peter Pan.,7.7,(213K)
173. The Longest Day,1962,2h 58m,G,"The events of D-Day, told on a grand scale from both the Allied and German points of view.",7.7,(60K)
174. Breathless,1960,1h 30m,Not Rated,"A small-time crook, hunted by the authorities for a car theft and the murder of a police officer, attempts to persuade a hip American journalism student to run away with him to Italy.",7.7,(89K)
175. Mother,2009,2h 9m,R,A mother desperately searches for the killer who framed her son for a girl's horrific murder.,7.7,(73K)
176. Hamlet,1996,4h 2m,PG-13,"Hamlet, Prince of Denmark, returns home to find his father murdered and his mother remarrying the murderer, his uncle. Meanwhile, war is brewing.",7.7,(40K)
177. The Quiet Man,1952,2h 9m,Approved,"A retired American boxer returns to the village of his birth in 1920s Ireland, where he falls for a spirited redhead whose brother is contemptuous of their union.",7.7,(43K)
178. The Verdict,1982,2h 9m,R,"An outcast, alcoholic Boston lawyer sees the chance to salvage his career and self-respect by taking a medical malpractice case to trial rather than settling.",7.7,(47K)
179. Night on Earth,1991,2h 9m,R,An anthology of 5 different cab drivers in 5 American and European cities and their remarkable fares on the same eventful night.,7.7,(67K)
180. Invasion of the Body Snatchers,1956,1h 20m,Approved,A small-town doctor learns that the population of his community is being replaced by emotionless alien duplicates.,7.7,(56K)
181. Fantastic Planet,1973,1h 12m,PG,"On a faraway planet where blue giants rule, oppressed humanoids rebel against their machine-like leaders.",7.7,(38K)
182. Porco Rosso,1992,1h 34m,PG,"In 1930s Italy, a veteran World War I pilot is cursed to look like an anthropomorphic pig.",7.7,(105K)
183. Open Your Eyes,1997,1h 59m,R,"A very handsome man finds the love of his life, but he suffers an accident and needs to have his face rebuilt by surgery after it is severely disfigured.",7.7,(74K)
184. Zulu,1964,2h 18m,Approved,Outnumbered British soldiers do battle with Zulu warriors at Rorke's Drift.,7.7,(43K)
"185. South Park: Bigger, Longer & Uncut",1999,1h 21m,R,"When Stan Marsh and his friends go see an R-rated movie, they start cursing and their parents think that Canada is to blame.",7.7,(217K)
186. Beasts of No Nation,2015,2h 17m,TV-MA,"A drama based on the experiences of Agu, a child soldier fighting in the civil war of an unnamed African country.",7.7,(88K)
187. Perfect Strangers,2016,1h 36m,N/A,"Seven long-time friends meet for dinner. They decide to share their text messages, emails and phone calls. Secrets are unveiled. Harmony trembles.",7.7,(73K)
188. Fantasia,1940,2h 4m,G,"A series of eight famous pieces of classical music, conducted by Leopold Stokowski and interpreted in animation by Walt Disney's team of artists.",7.7,(105K)
189. A Man for All Seasons,1966,2h,G,"The story of Sir Thomas More, who stood up to King Henry VIII when the King rejected the Roman Catholic Church to obtain a divorce and remarry.",7.7,(38K)
190. Nebraska,2013,1h 55m,R,"An aging, booze-addled father makes the trip from Montana to Nebraska with his estranged son in order to claim a million-dollar Mega Sweepstakes Marketing prize.",7.7,(125K)
191. Good Bye Lenin!,2003,2h 1m,R,"In 1990, to protect his fragile mother from a fatal shock after a long coma, a young man must keep her from learning that her beloved nation of East Germany as she knew it has disappeared.",7.7,(154K)
192. The African Queen,1951,1h 45m,PG,"In WWI East Africa, a gin-swilling Canadian riverboat captain is persuaded by a strait-laced English missionary to undertake a trip up a treacherous river and use his boat to attack a German gunship.",7.7,(85K)
193. Black Narcissus,1947,1h 41m,Approved,"A group of nuns struggle to establish a convent in the Himalayas, while isolation, extreme weather, altitude, and culture clashes all conspire to drive the well-intentioned missionaries mad.",7.7,(28K)
194. Waking Life,2001,1h 39m,R,A man shuffles through a dream meeting various people and discussing the meanings and purposes of the universe.,7.7,(67K)
195. Confessions,2010,1h 46m,Not Rated,"Yuko, a teacher of middle-school, is shattered to see her four-year-old daughter dead. She returns back to the school and finds out that her students are responsible for her daughter's murder.",7.7,(43K)
196. Taste of Cherry,1997,1h 35m,Not Rated,An Iranian man drives his car in search of someone who will quietly bury him under a cherry tree after he commits suicide.,7.7,(38K)
197. After the Wedding,2006,2h,R,"A manager of an orphanage in India is sent to Copenhagen, Denmark, where he discovers a life-altering family secret.",7.7,(38K)
198. The Motorcycle Diaries,2004,2h 6m,R,"Ernesto Guevara de la Serna, popularly known as Che, along with his friend Alberto Granado, decides to take a road trip across South America. His experiences on the journey transform him.",7.7,(105K)
199. Never Look Away,2018,3h 9m,R,"German artist Kurt Barnert has escaped East Germany and now lives in West Germany, but is tormented by his childhood under the Nazis and the GDR-regime.",7.7,(26K)
200. The Double Life of Véronique,1991,1h 38m,R,"Two parallel stories about two identical women; one living in Poland, the other in France. They don't know each other, but their lives are nevertheless profoundly connected.",7.7,(54K)
